Bib,City,First Name,USAC License Status,Last Name,State,Team,USAC License,Age on Event Day,Email,Phone,Category Date,Category Entered,Gender,USAC Category DH,USAC Category XC,Quantity
,Fayetteville,Bob,,Hrobak,NC,,ONE DAY,48.0,bobhro78@gmail.com,(910) 487-3692,"2019-10-20,",Marathon/XXC Master 45+ Cat 2/3 Open,M,,,1
,Bent Mountain,David,Active,Ciminelli,VA,,41482,50.0,dciminelli@gmail.com,(804) 370-9539,"2019-10-20,",Marathon/XXC Master 45+ Cat 2/3 Open,M,3.0,1.0,1
,Owings Mills,Jay,,Johnson,MD,,ONE DAY,0.0,jus4thoughts@aol.com,24088822292,"2019-10-20,",Marathon/XXC Master 45+ Cat 2/3 Open,M,,,1
,Roanoke,Joe,,Dudak,VA,Fleet Feet Roanoke/American Flyers,ONE DAY,45.0,joedudak@gmail.com,(843) 819-2244,"2019-10-20,",Marathon/XXC Master 45+ Cat 2/3 Open,M,,,1
,roanoke,david,,gregg,VA,Downshift,ONE DAY,58.0,cl2013ssroa@yahoo.com,(540) 798-1591,"2019-10-20,",Marathon/XXC Master Men 55+ Cat 2/3 Open,M,,,1
,asheboro,"Mike ""Cycopath""",,Shandor,NC,Cycopath Sports,ONE DAY,55.0,mojoracer@gmail.com,(336) 880-3009,"2019-10-20,",Marathon/XXC Master Men 55+ Cat 2/3 Open,M,,,1
,Madison Heights,Alan,,Cross,VA,Bikes Unlimited,ONE DAY,31.0,d.alancross@gmail.com,(336) 210-3726,"2019-10-20,",Marathon/XXC Men Cat 2/3 Open,M,,,1
,Rockingham,Alan,,Dyer,VA,Rocktown Bikes,ONE DAY,35.0,dyerseve_3@hotmail.com,(540) 810-7648,"2019-10-20,",Marathon/XXC Men Cat 2/3 Open,M,,,1
,Lynchburg,Blane,Active,Maddox,VA,The Endurance Collective,383138,23.0,maddoxb9@gmail.com,(434) 907-3997,"2019-10-20,",Marathon/XXC Men Cat 2/3 Open,M,3.0,3.0,1
,Greensboro,Gabe,,Szilagyi,NC,Generals,ONE DAY,42.0,sziszka77@yahoo.com,(336) 327-5238,"2019-10-20,",Marathon/XXC Men Cat 2/3 Open,M,,,1
,Charlottesville,Hakon,,Mattson,VA,,ONE DAY,39.0,hmattson2002@yahoo.com,(757) 472-6747,"2019-10-20,",Marathon/XXC Men Cat 2/3 Open,M,,,1
,Blacksburg,Jonathan,Active,Ramirez,VA,Moonstompers,582042,29.0,ramijon1@gmail.com,(586) 420-3219,"2019-10-20,",Marathon/XXC Men Cat 2/3 Open,M,3.0,2.0,1
,Roanoke,Matthew,,Moore,VA,Downshift Mens Team,ONE DAY,32.0,matthewconnermoore@gmail.com,(540) 352-8533,"2019-10-20,",Marathon/XXC Men Cat 2/3 Open,M,,,1
,Madison heights,Michael,,Cummins,VA,"Bikes Unlimited, Lynchburg, VA",ONE DAY,31.0,michael.cummins0027@gmail.com,(919) 800-9493,"2019-10-20,",Marathon/XXC Men Cat 2/3 Open,M,,,1
,Lynchburg VA,Michael,,Matysek,VA,Bikes Unlimited,ONE DAY,24.0,mikematysek95@gmail.com,(908) 591-9454,"2019-10-20,",Marathon/XXC Men Cat 2/3 Open,M,,,1
,Troutville,Rob,,Odenwelder,VA,Team cull,ONE DAY,49.0,mtn9r@comcast.net,(540) 309-8638,"2019-10-20,",Marathon/XXC Men Cat 2/3 Open,M,,,1
,Charlottesville,Ryan,,Curran,VA,,INTL-MEX,39.0,curranry@gmail.com,(434) 282-3644,"2019-10-20,",Marathon/XXC Men Cat 2/3 Open,M,,,1
,Roanoke,Stephen,,Sinnes,VA,,ONE DAY,29.0,ssinnes54@gmail.com,(540) 492-0315,"2019-10-20,",Marathon/XXC Men Cat 2/3 Open,M,,,1
,Charlottesville,Benjamin,,Nussbaum,VA,,ONE DAY,35.0,nussbaum.b@gmail.com,(541) 335-9979,"2019-10-20,",Marathon/XXC Men Cat Pro/1,M,,,1
,Lynchburg,Benjamin,Active,Wright,VA,CCB Racing,425522,19.0,benwright752@gmail.com,(434) 426-6569,"2019-10-20,",Marathon/XXC Men Cat Pro/1,M,2.0,2.0,1
,Roanoke,Benjamin,,Crandell,VA,,ONE DAY,43.0,benjamin.e.crandell@gmail.com,(302) 519-4545,"2019-10-20,",Marathon/XXC Singlespeed Men Open,M,,,1
,Greensboro,Dan,,Richardson,NC,,ONE DAY,49.0,drichardson@lrnc.com,(336) 314-1038,"2019-10-20,",Marathon/XXC Singlespeed Men Open,M,,,1
,Roanoke,Karen,Active,Talley,VA,SEAVS/Haymarket,376513,36.0,karen.lynn.talley@gmail.com,(703) 475-3014,"2019-10-20,",Marathon/XXC Women Cat Pro/1,F,2.0,1.0,1
,Blacksburg,Austin,,Sumners,VA,,ONE DAY,34.0,asumners@vt.edu,(540) 357-1315,"2019-10-20,",XC Beginner Men Cat 3,M,,,1
,Atlanta,Beck,,Maslia,GA,,ONE DAY,24.0,beckm@vt.edu,(770) 316-1835,"2019-10-20,",XC Beginner Men Cat 3,M,,,1
,Roanoke,Charles,,Garner,VA,,ONE DAY,50.0,cgarner@oakeys.com,(540) 798-8630,"2019-10-20,",XC Beginner Men Cat 3,M,,,1
,MADISON HEIGHTS,Christopher,Active,Robbins,VA,Blackwater Bike Shop,497268,30.0,cdrobbins7@gmail.com,(434) 845-9221,"2019-10-20,",XC Beginner Men Cat 3,M,3.0,3.0,1
,Lynchburg,Jason,Active,Kendall,VA,Blackwater Bike Shop Race Team,546872,43.0,jason.kendall@gmail.com,(571) 449-7376,"2019-10-20,",XC Beginner Men Cat 3,M,2.0,3.0,1
,Rocky Mount,John,,Dunn,VA,,ONE DAY,34.0,ncjdunn@gmail.com,(540) 420-6448,"2019-10-20,",XC Beginner Men Cat 3,M,,,1
,Cameron,Martin,,Kovacs,NC,1969,ONE DAY,50.0,rqtballatc@gmail.com,(585) 307-5708,"2019-10-20,",XC Beginner Men Cat 3,M,,,1
,Lynchburg,Spencer,Active,Zeabari,VA,,588721,29.0,zeabari02@gmail.com,(248) 520-3625,"2019-10-20,",XC Beginner Men Cat 3,M,3.0,3.0,1
,Roanoke,Becky,,McKimmy,VA,Downshift WTF,ONE DAY,38.0,becky.mckimmy@gmail.com,(540) 312-4439,"2019-10-20,",XC Beginner Women Cat 3,F,,,1
,Lynchburg,Kaitlyn,,Aletter,VA,Bikes Unlimited,ONE DAY,31.0,knaletter@liberty.edu,(910) 548-5071,"2019-10-20,",XC Beginner Women Cat 3,F,,,1
,Roanoke,Misty,,Gregg,VA,,ONE DAY,55.0,misty.gregg@cox.net,(540) 314-2324,"2019-10-20,",XC Beginner Women Cat 3,F,,,1
,Glasgow,Vicki,,Black,VA,Roanoke Valley Devo,ONE DAY,47.0,vtblack42@yahoo.com,(540) 460-1247,"2019-10-20,",XC Beginner Women Cat 3,F,,,1
,Glasgow,Charlie,,Black,VA,Roanoke Valley Devo,582831,10.0,jblack@rfcoop.com,(540) 460-1843,"2019-10-20,",XC Elementary 1-6th Grade Cat 2/3,M,,,1
,Charlottesville,Brett,,Nicol,VA,Endeavor Cycles,ONE DAY,24.0,brettnicol13@gmail.com,(804) 334-7175,"2019-10-20,",XC Expert Men Pro/1,M,,,1
,Palmyra,John,Active,Petrylak,VA,Carbo Rocket Pro MTB Team pb. Endeavor Cycles/Athlos/ESI grips,343064,40.0,johnpetrylak@gmail.com,(434) 531-6367,"2019-10-20,",XC Expert Men Pro/1,M,3.0,1.0,1
,New Kent,Keck,Active,Baker,VA,BLUE RIDGE CYCLERY,211712,43.0,bakerhomesllc@gmail.com,(804) 310-2897,"2019-10-20,",XC Expert Men Pro/1,M,2.0,1.0,1
,Lexington,Alex,,Nye,VA,,ONE DAY,13.0,activityfirst@gmail.com,(540) 460-1007,"2019-10-20,",XC JR Varsity 7-10th Grade Cat 2/3,M,,,1
,ROANOKE,Bobby,,Welsh,VA,East Coasters,ONE DAY,13.0,welshcarver@cox.net,(540) 266-7673,"2019-10-20,",XC JR Varsity 7-10th Grade Cat 2/3,M,,,1
,Durham,Luke,,Arthur,NC,,ONE DAY,13.0,lukebarthur@icloud.com,(919) 381-0329,"2019-10-20,",XC JR Varsity 7-10th Grade Cat 2/3,M,,,1
,Durham,David,,Arthur,VA,,ONE DAY,41.0,davidearthur@gmail.com,(919) 381-0329,"2019-10-20,",XC Master Men 35+ Cat 2/3,M,,,1
,Suffolk,Keith,,Arthur,VA,,ONE DAY,39.0,keitharrrthur@gmail.com,(757) 359-1332,"2019-10-20,",XC Master Men 35+ Cat 2/3,M,,,1
,Charlottesville,Matthew,,Spitzer,VA,BRC Racing P/B Reynolds GM/Subaru,ONE DAY,42.0,matthew.spitzer@gmail.com,(434) 218-9307,"2019-10-20,",XC Master Men 35+ Cat 2/3,M,,,1
,roanoke,nathan,Active,kerr,VA,Deschutes Brewing,342790,41.0,nkerr2@mac.com,(540) 588-1398,"2019-10-20,",XC Master Men 35+ Cat 2/3,M,3.0,3.0,1
,Salem,Anthony,,Cairns,VA,,ONE DAY,47.0,cairns3760@comcast.net,(540) 312-5440,"2019-10-20,",XC Master Men 45+ Cat 2/3,M,,,1
,Richmond,David,,Wheeler,VA,Altius,ONE DAY,46.0,dcwheels@gmail.com,(614) 679-4541,"2019-10-20,",XC Master Men 45+ Cat 2/3,M,,,1
,Dillwyn,Roger,,Spivey,VA,Blackwater Bike Shop,558890,57.0,rdspivey@mac.com,(434) 390-4160,"2019-10-20,",XC Master Men 45+ Cat 2/3,M,,,1
,Rockingham,Sean,,Devitt,VA,RVA Racing,ONE DAY,49.0,seanmdevitt@gmail.com,(540) 209-0448,"2019-10-20,",XC Master Men 45+ Cat 2/3,M,,,1
,Chester,Tim,,Middleton,VA,"Team Red, White and Blue",ONE DAY,59.0,timothy.middleton3@gmail.com,(804) 921-5113,"2019-10-20,",XC Master Men 45+ Cat 2/3,M,,,1
,Moneta,Todd,,Gilley,VA,,ONE DAY,57.0,wvmtodd@gmail.com,(540) 312-3470,"2019-10-20,",XC Master Men 45+ Cat 2/3,M,,,1
,Henrico,Jill,,Johnson,VA,Women's Multisports of Richmond,ONE DAY,49.0,pedalpush567@gmail.com,(804) 263-8817,"2019-10-20,",XC Master Women 35+ Cat 2/3,F,,,1
,Rapidan,Josh,,Taylor,VA,Endeavor Cycles,ONE DAY,36.0,Riverrunnersva@gmail.com,(804) 385-4915,"2019-10-20,",XC Singlespeed,M,,,1
,Lynchburg,Christopher,,Deaton,VA,Blackwater Bike Shop Race Team,ONE DAY,31.0,cldeaton@liberty.edu,(704) 689-8590,"2019-10-20,",XC Sport Men Cat 2 19+,M,,,1
,Richmond,Hans,,Heerens,VA,,ONE DAY,48.0,hheerens@gmail.com,(540) 588-4357,"2019-10-20,",XC Sport Men Cat 2 19+,M,,,1
,Waynesboro,Nicholas,,Holt,VA,Endeavor Cycles,ONE DAY,28.0,densonholt@gmail.com,(479) 216-7398,"2019-10-20,",XC Sport Men Cat 2 19+,M,,,1
,Richmond,Ronald,,Panye,VA,Endeavor Cycles,ONE DAY,25.0,payne920r@gmail.com,(434) 960-7302,"2019-10-20,",XC Sport Men Cat 2 19+,M,,,1
